<?xml version="1.0" encoding="UTF-8"?>
<mesh>
    <sharedgeometry vertexcount="24">
        <vertexbuffer normals="true" texture_coords="1" positions="true" colours_diffuse="False">
            <vertex>
                <position z="-1.000000" x="1.000118" y="-0.000089"/>
                <normal z="-0.000000" x="0.000000" y="-1.000000"/>
                <texcoord u="0.000000" v="1.000000"/>
            </vertex>
            <vertex>
                <position z="1.000000" x="1.000118" y="-0.000089"/>
                <normal z="-0.000000" x="0.000000" y="-1.000000"/>
                <texcoord u="1.000000" v="1.000000"/>
            </vertex>
            <vertex>
                <position z="1.000000" x="-0.999882" y="-0.000089"/>
                <normal z="-0.000000" x="0.000000" y="-1.000000"/>
                <texcoord u="1.000000" v="0.000000"/>
            </vertex>
            <vertex>
                <position z="-1.000000" x="-0.999881" y="-0.000089"/>
                <normal z="-0.000000" x="0.000000" y="-1.000000"/>
                <texcoord u="0.000000" v="0.000000"/>
            </vertex>
            <vertex>
                <position z="-1.000000" x="1.000118" y="0.041436"/>
                <normal z="0.000000" x="0.000000" y="1.000000"/>
                <texcoord u="0.000000" v="1.000000"/>
            </vertex>
            <vertex>
                <position z="-1.000000" x="-0.999881" y="0.041436"/>
                <normal z="0.000000" x="0.000000" y="1.000000"/>
                <texcoord u="1.000000" v="1.000000"/>
            </vertex>
            <vertex>
                <position z="1.000000" x="-0.999882" y="0.041436"/>
                <normal z="0.000000" x="0.000000" y="1.000000"/>
                <texcoord u="1.000000" v="0.000000"/>
            </vertex>
            <vertex>
                <position z="1.000000" x="1.000118" y="0.041436"/>
                <normal z="0.000000" x="0.000000" y="1.000000"/>
                <texcoord u="0.000000" v="0.000000"/>
            </vertex>
            <vertex>
                <position z="-1.000000" x="1.000118" y="-0.000089"/>
                <normal z="0.000000" x="1.000000" y="0.000000"/>
                <texcoord u="0.000000" v="1.000000"/>
            </vertex>
            <vertex>
                <position z="-1.000000" x="1.000118" y="0.041436"/>
                <normal z="0.000000" x="1.000000" y="0.000000"/>
                <texcoord u="1.000000" v="1.000000"/>
            </vertex>
            <vertex>
                <position z="1.000000" x="1.000118" y="0.041436"/>
                <normal z="0.000000" x="1.000000" y="0.000000"/>
                <texcoord u="1.000000" v="0.000000"/>
            </vertex>
            <vertex>
                <position z="1.000000" x="1.000118" y="-0.000089"/>
                <normal z="0.000000" x="1.000000" y="0.000000"/>
                <texcoord u="0.000000" v="0.000000"/>
            </vertex>
            <vertex>
                <position z="1.000000" x="1.000118" y="-0.000089"/>
                <normal z="1.000000" x="-0.000000" y="0.000000"/>
                <texcoord u="0.000000" v="1.000000"/>
            </vertex>
            <vertex>
                <position z="1.000000" x="1.000118" y="0.041436"/>
                <normal z="1.000000" x="-0.000000" y="0.000000"/>
                <texcoord u="1.000000" v="1.000000"/>
            </vertex>
            <vertex>
                <position z="1.000000" x="-0.999882" y="0.041436"/>
                <normal z="1.000000" x="-0.000000" y="0.000000"/>
                <texcoord u="1.000000" v="0.000000"/>
            </vertex>
            <vertex>
                <position z="1.000000" x="-0.999882" y="-0.000089"/>
                <normal z="1.000000" x="-0.000000" y="0.000000"/>
                <texcoord u="0.000000" v="0.000000"/>
            </vertex>
            <vertex>
                <position z="1.000000" x="-0.999882" y="-0.000089"/>
                <normal z="-0.000000" x="-1.000000" y="0.000000"/>
                <texcoord u="0.000000" v="1.000000"/>
            </vertex>
            <vertex>
                <position z="1.000000" x="-0.999882" y="0.041436"/>
                <normal z="-0.000000" x="-1.000000" y="0.000000"/>
                <texcoord u="1.000000" v="1.000000"/>
            </vertex>
            <vertex>
                <position z="-1.000000" x="-0.999881" y="0.041436"/>
                <normal z="-0.000000" x="-1.000000" y="0.000000"/>
                <texcoord u="1.000000" v="0.000000"/>
            </vertex>
            <vertex>
                <position z="-1.000000" x="-0.999881" y="-0.000089"/>
                <normal z="-0.000000" x="-1.000000" y="0.000000"/>
                <texcoord u="0.000000" v="0.000000"/>
            </vertex>
            <vertex>
                <position z="-1.000000" x="1.000118" y="0.041436"/>
                <normal z="-1.000000" x="0.000000" y="0.000000"/>
                <texcoord u="0.000000" v="1.000000"/>
            </vertex>
            <vertex>
                <position z="-1.000000" x="1.000118" y="-0.000089"/>
                <normal z="-1.000000" x="0.000000" y="0.000000"/>
                <texcoord u="1.000000" v="1.000000"/>
            </vertex>
            <vertex>
                <position z="-1.000000" x="-0.999881" y="-0.000089"/>
                <normal z="-1.000000" x="0.000000" y="0.000000"/>
                <texcoord u="1.000000" v="0.000000"/>
            </vertex>
            <vertex>
                <position z="-1.000000" x="-0.999881" y="0.041436"/>
                <normal z="-1.000000" x="0.000000" y="0.000000"/>
                <texcoord u="0.000000" v="0.000000"/>
            </vertex>
        </vertexbuffer>
    </sharedgeometry>
    <submeshes>
        <submesh use32bitindexes="False" operationtype="triangle_list" usesharedvertices="true" material="_missing_material_">
            <faces count="10">
                <face v1="0" v2="1" v3="2"/>
                <face v1="0" v2="2" v3="3"/>
                <face v1="8" v2="9" v3="10"/>
                <face v1="8" v2="10" v3="11"/>
                <face v1="12" v2="13" v3="14"/>
                <face v1="12" v2="14" v3="15"/>
                <face v1="16" v2="17" v3="18"/>
                <face v1="16" v2="18" v3="19"/>
                <face v1="20" v2="21" v3="22"/>
                <face v1="20" v2="22" v3="23"/>
            </faces>
        </submesh>
        <submesh use32bitindexes="False" operationtype="triangle_list" usesharedvertices="true" material="hierba">
            <faces count="2">
                <face v1="4" v2="5" v3="6"/>
                <face v1="4" v2="6" v3="7"/>
            </faces>
        </submesh>
    </submeshes>
    <submeshnames>
        <submesh name="_missing_material_" index="0">
        </submesh>
        <submesh name="hierba" index="1">
        </submesh>
    </submeshnames>
</mesh>