<?xml version="1.0" encoding="UTF-8"?>
<mesh>
    <sharedgeometry vertexcount="24">
        <vertexbuffer positions="true" normals="true" colours_diffuse="False" texture_coords="1">
            <vertex>
                <position x="1.000118" y="-0.000089" z="-1.000000"/>
                <normal x="0.000000" y="-1.000000" z="-0.000000"/>
                <texcoord u="0.000000" v="1.000000"/>
            </vertex>
            <vertex>
                <position x="1.000118" y="-0.000089" z="1.000000"/>
                <normal x="0.000000" y="-1.000000" z="-0.000000"/>
                <texcoord u="1.000000" v="1.000000"/>
            </vertex>
            <vertex>
                <position x="-0.999882" y="-0.000089" z="1.000000"/>
                <normal x="0.000000" y="-1.000000" z="-0.000000"/>
                <texcoord u="1.000000" v="0.000000"/>
            </vertex>
            <vertex>
                <position x="-0.999881" y="-0.000089" z="-1.000000"/>
                <normal x="0.000000" y="-1.000000" z="-0.000000"/>
                <texcoord u="0.000000" v="0.000000"/>
            </vertex>
            <vertex>
                <position x="1.000118" y="0.041436" z="-1.000000"/>
                <normal x="0.000000" y="1.000000" z="0.000000"/>
                <texcoord u="0.000000" v="1.000000"/>
            </vertex>
            <vertex>
                <position x="-0.999881" y="0.041436" z="-1.000000"/>
                <normal x="0.000000" y="1.000000" z="0.000000"/>
                <texcoord u="1.000000" v="1.000000"/>
            </vertex>
            <vertex>
                <position x="-0.999882" y="0.041436" z="1.000000"/>
                <normal x="0.000000" y="1.000000" z="0.000000"/>
                <texcoord u="1.000000" v="0.000000"/>
            </vertex>
            <vertex>
                <position x="1.000118" y="0.041436" z="1.000000"/>
                <normal x="0.000000" y="1.000000" z="0.000000"/>
                <texcoord u="0.000000" v="0.000000"/>
            </vertex>
            <vertex>
                <position x="1.000118" y="-0.000089" z="-1.000000"/>
                <normal x="1.000000" y="0.000000" z="0.000000"/>
                <texcoord u="0.000000" v="1.000000"/>
            </vertex>
            <vertex>
                <position x="1.000118" y="0.041436" z="-1.000000"/>
                <normal x="1.000000" y="0.000000" z="0.000000"/>
                <texcoord u="1.000000" v="1.000000"/>
            </vertex>
            <vertex>
                <position x="1.000118" y="0.041436" z="1.000000"/>
                <normal x="1.000000" y="0.000000" z="0.000000"/>
                <texcoord u="1.000000" v="0.000000"/>
            </vertex>
            <vertex>
                <position x="1.000118" y="-0.000089" z="1.000000"/>
                <normal x="1.000000" y="0.000000" z="0.000000"/>
                <texcoord u="0.000000" v="0.000000"/>
            </vertex>
            <vertex>
                <position x="1.000118" y="-0.000089" z="1.000000"/>
                <normal x="-0.000000" y="0.000000" z="1.000000"/>
                <texcoord u="0.000000" v="1.000000"/>
            </vertex>
            <vertex>
                <position x="1.000118" y="0.041436" z="1.000000"/>
                <normal x="-0.000000" y="0.000000" z="1.000000"/>
                <texcoord u="1.000000" v="1.000000"/>
            </vertex>
            <vertex>
                <position x="-0.999882" y="0.041436" z="1.000000"/>
                <normal x="-0.000000" y="0.000000" z="1.000000"/>
                <texcoord u="1.000000" v="0.000000"/>
            </vertex>
            <vertex>
                <position x="-0.999882" y="-0.000089" z="1.000000"/>
                <normal x="-0.000000" y="0.000000" z="1.000000"/>
                <texcoord u="0.000000" v="0.000000"/>
            </vertex>
            <vertex>
                <position x="-0.999882" y="-0.000089" z="1.000000"/>
                <normal x="-1.000000" y="0.000000" z="-0.000000"/>
                <texcoord u="0.000000" v="1.000000"/>
            </vertex>
            <vertex>
                <position x="-0.999882" y="0.041436" z="1.000000"/>
                <normal x="-1.000000" y="0.000000" z="-0.000000"/>
                <texcoord u="1.000000" v="1.000000"/>
            </vertex>
            <vertex>
                <position x="-0.999881" y="0.041436" z="-1.000000"/>
                <normal x="-1.000000" y="0.000000" z="-0.000000"/>
                <texcoord u="1.000000" v="0.000000"/>
            </vertex>
            <vertex>
                <position x="-0.999881" y="-0.000089" z="-1.000000"/>
                <normal x="-1.000000" y="0.000000" z="-0.000000"/>
                <texcoord u="0.000000" v="0.000000"/>
            </vertex>
            <vertex>
                <position x="1.000118" y="0.041436" z="-1.000000"/>
                <normal x="0.000000" y="0.000000" z="-1.000000"/>
                <texcoord u="0.000000" v="1.000000"/>
            </vertex>
            <vertex>
                <position x="1.000118" y="-0.000089" z="-1.000000"/>
                <normal x="0.000000" y="0.000000" z="-1.000000"/>
                <texcoord u="1.000000" v="1.000000"/>
            </vertex>
            <vertex>
                <position x="-0.999881" y="-0.000089" z="-1.000000"/>
                <normal x="0.000000" y="0.000000" z="-1.000000"/>
                <texcoord u="1.000000" v="0.000000"/>
            </vertex>
            <vertex>
                <position x="-0.999881" y="0.041436" z="-1.000000"/>
                <normal x="0.000000" y="0.000000" z="-1.000000"/>
                <texcoord u="0.000000" v="0.000000"/>
            </vertex>
        </vertexbuffer>
    </sharedgeometry>
    <submeshes>
        <submesh use32bitindexes="False" material="numero1" operationtype="triangle_list" usesharedvertices="true">
            <faces count="10">
                <face v3="2" v1="0" v2="1"/>
                <face v3="3" v1="0" v2="2"/>
                <face v3="10" v1="8" v2="9"/>
                <face v3="11" v1="8" v2="10"/>
                <face v3="14" v1="12" v2="13"/>
                <face v3="15" v1="12" v2="14"/>
                <face v3="18" v1="16" v2="17"/>
                <face v3="19" v1="16" v2="18"/>
                <face v3="22" v1="20" v2="21"/>
                <face v3="23" v1="20" v2="22"/>
            </faces>
        </submesh>
        <submesh use32bitindexes="False" material="numero2" operationtype="triangle_list" usesharedvertices="true">
            <faces count="2">
                <face v3="6" v1="4" v2="5"/>
                <face v3="7" v1="4" v2="6"/>
            </faces>
        </submesh>
    </submeshes>
    <submeshnames>
        <submesh index="0" name="numero1">
        </submesh>
        <submesh index="1" name="hierba">
        </submesh>
        <submesh index="2" name="bomba">
        </submesh>
        <submesh index="3" name="numero2">
        </submesh>
    </submeshnames>
</mesh>