<?xml version="1.0" encoding="UTF-8"?>
<mesh>
    <sharedgeometry vertexcount="24">
        <vertexbuffer colours_diffuse="False" texture_coords="1" normals="true" positions="true">
            <vertex>
                <position z="-1.000000" y="-0.000089" x="1.000118"/>
                <normal z="-0.000000" y="-1.000000" x="0.000000"/>
                <texcoord u="0.000000" v="1.000000"/>
            </vertex>
            <vertex>
                <position z="1.000000" y="-0.000089" x="1.000118"/>
                <normal z="-0.000000" y="-1.000000" x="0.000000"/>
                <texcoord u="1.000000" v="1.000000"/>
            </vertex>
            <vertex>
                <position z="1.000000" y="-0.000089" x="-0.999882"/>
                <normal z="-0.000000" y="-1.000000" x="0.000000"/>
                <texcoord u="1.000000" v="0.000000"/>
            </vertex>
            <vertex>
                <position z="-1.000000" y="-0.000089" x="-0.999881"/>
                <normal z="-0.000000" y="-1.000000" x="0.000000"/>
                <texcoord u="0.000000" v="0.000000"/>
            </vertex>
            <vertex>
                <position z="-1.000000" y="0.999911" x="1.000118"/>
                <normal z="0.000000" y="1.000000" x="0.000000"/>
                <texcoord u="0.000000" v="1.000000"/>
            </vertex>
            <vertex>
                <position z="-1.000000" y="0.999911" x="-0.999881"/>
                <normal z="0.000000" y="1.000000" x="0.000000"/>
                <texcoord u="1.000000" v="1.000000"/>
            </vertex>
            <vertex>
                <position z="1.000000" y="0.999911" x="-0.999882"/>
                <normal z="0.000000" y="1.000000" x="0.000000"/>
                <texcoord u="1.000000" v="0.000000"/>
            </vertex>
            <vertex>
                <position z="1.000000" y="0.999911" x="1.000118"/>
                <normal z="0.000000" y="1.000000" x="0.000000"/>
                <texcoord u="0.000000" v="0.000000"/>
            </vertex>
            <vertex>
                <position z="-1.000000" y="-0.000089" x="1.000118"/>
                <normal z="0.000000" y="0.000000" x="1.000000"/>
                <texcoord u="0.000000" v="1.000000"/>
            </vertex>
            <vertex>
                <position z="-1.000000" y="0.999911" x="1.000118"/>
                <normal z="0.000000" y="0.000000" x="1.000000"/>
                <texcoord u="1.000000" v="1.000000"/>
            </vertex>
            <vertex>
                <position z="1.000000" y="0.999911" x="1.000118"/>
                <normal z="0.000000" y="0.000000" x="1.000000"/>
                <texcoord u="1.000000" v="0.000000"/>
            </vertex>
            <vertex>
                <position z="1.000000" y="-0.000089" x="1.000118"/>
                <normal z="0.000000" y="0.000000" x="1.000000"/>
                <texcoord u="0.000000" v="0.000000"/>
            </vertex>
            <vertex>
                <position z="1.000000" y="-0.000089" x="1.000118"/>
                <normal z="1.000000" y="0.000000" x="-0.000000"/>
                <texcoord u="0.000000" v="1.000000"/>
            </vertex>
            <vertex>
                <position z="1.000000" y="0.999911" x="1.000118"/>
                <normal z="1.000000" y="0.000000" x="-0.000000"/>
                <texcoord u="1.000000" v="1.000000"/>
            </vertex>
            <vertex>
                <position z="1.000000" y="0.999911" x="-0.999882"/>
                <normal z="1.000000" y="0.000000" x="-0.000000"/>
                <texcoord u="1.000000" v="0.000000"/>
            </vertex>
            <vertex>
                <position z="1.000000" y="-0.000089" x="-0.999882"/>
                <normal z="1.000000" y="0.000000" x="-0.000000"/>
                <texcoord u="0.000000" v="0.000000"/>
            </vertex>
            <vertex>
                <position z="1.000000" y="-0.000089" x="-0.999882"/>
                <normal z="-0.000000" y="0.000000" x="-1.000000"/>
                <texcoord u="0.000000" v="1.000000"/>
            </vertex>
            <vertex>
                <position z="1.000000" y="0.999911" x="-0.999882"/>
                <normal z="-0.000000" y="0.000000" x="-1.000000"/>
                <texcoord u="1.000000" v="1.000000"/>
            </vertex>
            <vertex>
                <position z="-1.000000" y="0.999911" x="-0.999881"/>
                <normal z="-0.000000" y="0.000000" x="-1.000000"/>
                <texcoord u="1.000000" v="0.000000"/>
            </vertex>
            <vertex>
                <position z="-1.000000" y="-0.000089" x="-0.999881"/>
                <normal z="-0.000000" y="0.000000" x="-1.000000"/>
                <texcoord u="0.000000" v="0.000000"/>
            </vertex>
            <vertex>
                <position z="-1.000000" y="0.999911" x="1.000118"/>
                <normal z="-1.000000" y="0.000000" x="0.000000"/>
                <texcoord u="0.000000" v="1.000000"/>
            </vertex>
            <vertex>
                <position z="-1.000000" y="-0.000089" x="1.000118"/>
                <normal z="-1.000000" y="0.000000" x="0.000000"/>
                <texcoord u="1.000000" v="1.000000"/>
            </vertex>
            <vertex>
                <position z="-1.000000" y="-0.000089" x="-0.999881"/>
                <normal z="-1.000000" y="0.000000" x="0.000000"/>
                <texcoord u="1.000000" v="0.000000"/>
            </vertex>
            <vertex>
                <position z="-1.000000" y="0.999911" x="-0.999881"/>
                <normal z="-1.000000" y="0.000000" x="0.000000"/>
                <texcoord u="0.000000" v="0.000000"/>
            </vertex>
        </vertexbuffer>
    </sharedgeometry>
    <submeshes>
        <submesh usesharedvertices="true" material="_missing_material_" use32bitindexes="False" operationtype="triangle_list">
            <faces count="10">
                <face v3="2" v2="1" v1="0"/>
                <face v3="3" v2="2" v1="0"/>
                <face v3="10" v2="9" v1="8"/>
                <face v3="11" v2="10" v1="8"/>
                <face v3="14" v2="13" v1="12"/>
                <face v3="15" v2="14" v1="12"/>
                <face v3="18" v2="17" v1="16"/>
                <face v3="19" v2="18" v1="16"/>
                <face v3="22" v2="21" v1="20"/>
                <face v3="23" v2="22" v1="20"/>
            </faces>
        </submesh>
        <submesh usesharedvertices="true" material="hierba" use32bitindexes="False" operationtype="triangle_list">
            <faces count="2">
                <face v3="6" v2="5" v1="4"/>
                <face v3="7" v2="6" v1="4"/>
            </faces>
        </submesh>
    </submeshes>
    <submeshnames>
        <submesh name="_missing_material_" index="0">
        </submesh>
        <submesh name="hierba" index="1">
        </submesh>
    </submeshnames>
</mesh>