<?xml version="1.0" encoding="UTF-8"?>
<mesh>
    <sharedgeometry vertexcount="4">
        <vertexbuffer colours_diffuse="False" normals="true" positions="true" texture_coords="1">
            <vertex>
                <position y="0.000000" x="-1.000000" z="1.000000"/>
                <normal y="1.000000" x="0.000000" z="-0.000000"/>
                <texcoord u="0.000162" v="0.002719"/>
            </vertex>
            <vertex>
                <position y="0.000000" x="1.000000" z="1.000000"/>
                <normal y="1.000000" x="0.000000" z="-0.000000"/>
                <texcoord u="0.000334" v="1.000331"/>
            </vertex>
            <vertex>
                <position y="0.000000" x="1.000000" z="-3.303940"/>
                <normal y="1.000000" x="0.000000" z="-0.000000"/>
                <texcoord u="1.001138" v="1.001062"/>
            </vertex>
            <vertex>
                <position y="0.000000" x="-1.000000" z="-3.303940"/>
                <normal y="1.000000" x="0.000000" z="-0.000000"/>
                <texcoord u="1.001077" v="-0.000882"/>
            </vertex>
        </vertexbuffer>
    </sharedgeometry>
    <submeshes>
        <submesh use32bitindexes="False" operationtype="triangle_list" usesharedvertices="true" material="more">
            <faces count="2">
                <face v3="2" v1="0" v2="1"/>
                <face v3="3" v1="0" v2="2"/>
            </faces>
        </submesh>
    </submeshes>
    <submeshnames>
        <submesh index="0" name="more">
        </submesh>
    </submeshnames>
</mesh>