<?xml version="1.0" encoding="UTF-8"?>
<mesh>
    <sharedgeometry vertexcount="176">
        <vertexbuffer normals="true" colours_diffuse="False" texture_coords="1" positions="true">
            <vertex>
                <position y="0.139500" z="-0.878700" x="-0.208600"/>
                <normal y="0.999969" z="-0.000031" x="0.003540"/>
                <texcoord v="0.885800" u="0.382600"/>
            </vertex>
            <vertex>
                <position y="0.138800" z="-1.342600" x="-0.017900"/>
                <normal y="0.999969" z="-0.000031" x="0.003662"/>
                <texcoord v="0.633800" u="0.509000"/>
            </vertex>
            <vertex>
                <position y="0.140400" z="-1.358200" x="-0.468400"/>
                <normal y="0.999969" z="-0.000000" x="0.003540"/>
                <texcoord v="0.633300" u="0.183700"/>
            </vertex>
            <vertex>
                <position y="0.040300" z="-2.495100" x="0.521400"/>
                <normal y="-0.622578" z="-0.780267" x="-0.059633"/>
                <texcoord v="0.991800" u="0.333000"/>
            </vertex>
            <vertex>
                <position y="0.026600" z="-2.430800" x="0.526100"/>
                <normal y="-0.848811" z="0.527451" x="0.035554"/>
                <texcoord v="0.967600" u="0.333000"/>
            </vertex>
            <vertex>
                <position y="0.027900" z="-2.405200" x="0.177600"/>
                <normal y="-0.848872" z="0.527329" x="0.035554"/>
                <texcoord v="0.967600" u="0.080500"/>
            </vertex>
            <vertex>
                <position y="0.041600" z="-2.469500" x="0.172900"/>
                <normal y="-0.622517" z="-0.780297" x="-0.059633"/>
                <texcoord v="0.991800" u="0.080500"/>
            </vertex>
            <vertex>
                <position y="0.138200" z="-0.866700" x="0.140300"/>
                <normal y="0.999969" z="-0.000000" x="0.003754"/>
                <texcoord v="0.886200" u="0.634600"/>
            </vertex>
            <vertex>
                <position y="0.137100" z="-1.327000" x="0.432600"/>
                <normal y="0.999969" z="-0.000031" x="0.003754"/>
                <texcoord v="0.634300" u="0.834300"/>
            </vertex>
            <vertex>
                <position y="0.139300" z="-1.949600" x="-0.171700"/>
                <normal y="0.999969" z="-0.000031" x="0.003723"/>
                <texcoord v="0.311100" u="0.383400"/>
            </vertex>
            <vertex>
                <position y="0.140600" z="-1.961600" x="-0.520900"/>
                <normal y="0.999969" z="-0.000000" x="0.003662"/>
                <texcoord v="0.310700" u="0.131200"/>
            </vertex>
            <vertex>
                <position y="0.138000" z="-1.937500" x="0.177500"/>
                <normal y="0.999969" z="-0.000031" x="0.003723"/>
                <texcoord v="0.311500" u="0.635600"/>
            </vertex>
            <vertex>
                <position y="0.136700" z="-1.925400" x="0.526700"/>
                <normal y="0.999969" z="-0.000031" x="0.003723"/>
                <texcoord v="0.311900" u="0.887800"/>
            </vertex>
            <vertex>
                <position y="0.139300" z="-2.379300" x="-0.170500"/>
                <normal y="0.997040" z="-0.076571" x="-0.001160"/>
                <texcoord v="0.058900" u="0.383800"/>
            </vertex>
            <vertex>
                <position y="0.140600" z="-2.353700" x="-0.519000"/>
                <normal y="0.994201" z="-0.107212" x="-0.004151"/>
                <texcoord v="0.058500" u="0.131600"/>
            </vertex>
            <vertex>
                <position y="0.138000" z="-2.404900" x="0.178000"/>
                <normal y="0.994781" z="-0.101932" x="-0.003754"/>
                <texcoord v="0.059300" u="0.636000"/>
            </vertex>
            <vertex>
                <position y="0.136700" z="-2.430500" x="0.526500"/>
                <normal y="0.987579" z="-0.156804" x="-0.007813"/>
                <texcoord v="0.059700" u="0.888200"/>
            </vertex>
            <vertex>
                <position y="0.122300" z="-2.451000" x="-0.175800"/>
                <normal y="0.628742" z="-0.776208" x="-0.045930"/>
                <texcoord v="0.019300" u="0.383900"/>
            </vertex>
            <vertex>
                <position y="0.123600" z="-2.429300" x="-0.524600"/>
                <normal y="0.628681" z="-0.776208" x="-0.047273"/>
                <texcoord v="0.016800" u="0.131700"/>
            </vertex>
            <vertex>
                <position y="0.116500" z="-2.493800" x="0.521800"/>
                <normal y="0.597186" z="-0.800073" x="-0.056520"/>
                <texcoord v="0.023900" u="0.888300"/>
            </vertex>
            <vertex>
                <position y="0.117800" z="-2.468200" x="0.173300"/>
                <normal y="0.597217" z="-0.800043" x="-0.056520"/>
                <texcoord v="0.023500" u="0.636100"/>
            </vertex>
            <vertex>
                <position y="0.122300" z="-2.451000" x="-0.175800"/>
                <normal y="0.628742" z="-0.776208" x="-0.045930"/>
                <texcoord v="0.971300" u="0.888300"/>
            </vertex>
            <vertex>
                <position y="0.010600" z="-2.452800" x="-0.176300"/>
                <normal y="-0.781091" z="-0.623096" x="-0.040132"/>
                <texcoord v="0.911300" u="0.888300"/>
            </vertex>
            <vertex>
                <position y="0.011900" z="-2.431100" x="-0.525100"/>
                <normal y="-0.750999" z="-0.658834" x="-0.043764"/>
                <texcoord v="0.911300" u="0.635700"/>
            </vertex>
            <vertex>
                <position y="0.123600" z="-2.429300" x="-0.524600"/>
                <normal y="0.628681" z="-0.776208" x="-0.047273"/>
                <texcoord v="0.971300" u="0.635700"/>
            </vertex>
            <vertex>
                <position y="0.116500" z="-2.493800" x="0.521800"/>
                <normal y="0.597186" z="-0.800073" x="-0.056520"/>
                <texcoord v="0.952200" u="0.610600"/>
            </vertex>
            <vertex>
                <position y="0.040300" z="-2.495100" x="0.521400"/>
                <normal y="-0.622578" z="-0.780267" x="-0.059633"/>
                <texcoord v="0.911300" u="0.610600"/>
            </vertex>
            <vertex>
                <position y="0.041600" z="-2.469500" x="0.172900"/>
                <normal y="-0.622517" z="-0.780297" x="-0.059633"/>
                <texcoord v="0.911300" u="0.358100"/>
            </vertex>
            <vertex>
                <position y="0.117800" z="-2.468200" x="0.173300"/>
                <normal y="0.597217" z="-0.800043" x="-0.056520"/>
                <texcoord v="0.952200" u="0.358100"/>
            </vertex>
            <vertex>
                <position y="0.010600" z="-2.452800" x="-0.176300"/>
                <normal y="-0.781091" z="-0.623096" x="-0.040132"/>
                <texcoord v="0.940600" u="0.333000"/>
            </vertex>
            <vertex>
                <position y="0.024700" z="-2.382500" x="-0.167900"/>
                <normal y="-0.694296" z="0.717887" x="0.050142"/>
                <texcoord v="0.911300" u="0.333000"/>
            </vertex>
            <vertex>
                <position y="0.026000" z="-2.356900" x="-0.516400"/>
                <normal y="-0.701376" z="0.711112" x="0.048494"/>
                <texcoord v="0.911300" u="0.080500"/>
            </vertex>
            <vertex>
                <position y="0.011900" z="-2.431100" x="-0.525100"/>
                <normal y="-0.750999" z="-0.658834" x="-0.043764"/>
                <texcoord v="0.942600" u="0.080500"/>
            </vertex>
            <vertex>
                <position y="0.026600" z="-2.430800" x="0.526100"/>
                <normal y="-0.848811" z="0.527451" x="0.035554"/>
                <texcoord v="0.975500" u="0.863600"/>
            </vertex>
            <vertex>
                <position y="0.112800" z="-2.409100" x="0.528000"/>
                <normal y="-0.244972" z="0.966979" x="0.070101"/>
                <texcoord v="0.975500" u="0.648400"/>
            </vertex>
            <vertex>
                <position y="0.114100" z="-2.383500" x="0.179500"/>
                <normal y="-0.244942" z="0.966979" x="0.070101"/>
                <texcoord v="0.906200" u="0.648400"/>
            </vertex>
            <vertex>
                <position y="0.027900" z="-2.405200" x="0.177600"/>
                <normal y="-0.848872" z="0.527329" x="0.035554"/>
                <texcoord v="0.906200" u="0.863600"/>
            </vertex>
            <vertex>
                <position y="0.024700" z="-2.382500" x="-0.167900"/>
                <normal y="-0.694296" z="0.717887" x="0.050142"/>
                <texcoord v="0.975500" u="0.863600"/>
            </vertex>
            <vertex>
                <position y="0.126300" z="-2.365200" x="-0.169400"/>
                <normal y="-0.166387" z="0.983428" x="0.071596"/>
                <texcoord v="0.975500" u="0.648400"/>
            </vertex>
            <vertex>
                <position y="0.127600" z="-2.339600" x="-0.517900"/>
                <normal y="-0.166387" z="0.983428" x="0.071596"/>
                <texcoord v="0.906200" u="0.648400"/>
            </vertex>
            <vertex>
                <position y="0.026000" z="-2.356900" x="-0.516400"/>
                <normal y="-0.701376" z="0.711112" x="0.048494"/>
                <texcoord v="0.906200" u="0.863600"/>
            </vertex>
            <vertex>
                <position y="-0.000300" z="-0.338680" x="0.107028"/>
                <normal y="-0.032777" z="-0.998962" x="0.031068"/>
                <texcoord v="0.150100" u="0.250800"/>
            </vertex>
            <vertex>
                <position y="-0.479400" z="0.009136" x="0.372888"/>
                <normal y="-0.471511" z="-0.844234" x="0.254769"/>
                <texcoord v="0.007000" u="0.355600"/>
            </vertex>
            <vertex>
                <position y="-0.476200" z="-0.004051" x="-0.165350"/>
                <normal y="-0.474715" z="-0.852657" x="-0.218085"/>
                <texcoord v="0.007300" u="0.151200"/>
            </vertex>
            <vertex>
                <position y="0.003300" z="-0.013192" x="-0.538438"/>
                <normal y="-0.024232" z="-0.892575" x="-0.450209"/>
                <texcoord v="0.150500" u="0.008800"/>
            </vertex>
            <vertex>
                <position y="0.651400" z="-0.003948" x="-0.161152"/>
                <normal y="0.407025" z="-0.902921" x="-0.137883"/>
                <texcoord v="0.344900" u="0.151200"/>
            </vertex>
            <vertex>
                <position y="0.486500" z="0.009224" x="0.376487"/>
                <normal y="0.431104" z="-0.846065" x="0.313486"/>
                <texcoord v="0.296100" u="0.355600"/>
            </vertex>
            <vertex>
                <position y="-0.002800" z="0.018363" x="0.749475"/>
                <normal y="-0.003510" z="-0.874081" x="0.485733"/>
                <texcoord v="0.150100" u="0.498000"/>
            </vertex>
            <vertex>
                <position y="0.114400" z="-2.389614" x="0.081754"/>
                <normal y="0.707083" z="0.706137" x="0.036927"/>
                <texcoord v="0.990100" u="0.652600"/>
            </vertex>
            <vertex>
                <position y="0.114400" z="-2.455112" x="0.078558"/>
                <normal y="0.707266" z="-0.706198" x="-0.032075"/>
                <texcoord v="0.970500" u="0.652600"/>
            </vertex>
            <vertex>
                <position y="0.114600" z="-2.451916" x="0.013060"/>
                <normal y="0.707083" z="-0.706381" x="-0.032014"/>
                <texcoord v="0.970500" u="0.627700"/>
            </vertex>
            <vertex>
                <position y="0.114600" z="-2.386418" x="0.016256"/>
                <normal y="0.705191" z="0.708274" x="0.031983"/>
                <texcoord v="0.990100" u="0.627700"/>
            </vertex>
            <vertex>
                <position y="0.039100" z="-2.426710" x="0.972430"/>
                <normal y="-0.594867" z="0.565447" x="0.571276"/>
                <texcoord v="0.459100" u="0.106200"/>
            </vertex>
            <vertex>
                <position y="0.039100" z="-2.505128" x="0.968550"/>
                <normal y="-0.594775" z="-0.619007" x="0.512864"/>
                <texcoord v="0.435600" u="0.106200"/>
            </vertex>
            <vertex>
                <position y="0.117500" z="-2.505121" x="0.968849"/>
                <normal y="0.590960" z="-0.618946" x="0.517319"/>
                <texcoord v="0.435600" u="0.076400"/>
            </vertex>
            <vertex>
                <position y="0.117500" z="-2.426702" x="0.972730"/>
                <normal y="0.590808" z="0.565386" x="0.575518"/>
                <texcoord v="0.459100" u="0.076400"/>
            </vertex>
            <vertex>
                <position y="0.049100" z="-2.386423" x="0.016056"/>
                <normal y="-0.705252" z="0.708426" x="0.026612"/>
                <texcoord v="0.911400" u="0.652600"/>
            </vertex>
            <vertex>
                <position y="0.049100" z="-2.451921" x="0.012860"/>
                <normal y="-0.706900" z="-0.706290" x="-0.037324"/>
                <texcoord v="0.891800" u="0.652600"/>
            </vertex>
            <vertex>
                <position y="0.048800" z="-2.455117" x="0.078358"/>
                <normal y="-0.707144" z="-0.706046" x="-0.037385"/>
                <texcoord v="0.891800" u="0.627700"/>
            </vertex>
            <vertex>
                <position y="0.048800" z="-2.389619" x="0.081554"/>
                <normal y="-0.707266" z="0.706229" x="0.031617"/>
                <texcoord v="0.911400" u="0.627700"/>
            </vertex>
            <vertex>
                <position y="0.127400" z="-2.336224" x="-0.813422"/>
                <normal y="0.693319" z="0.661763" x="-0.285165"/>
                <texcoord v="0.993000" u="0.312100"/>
            </vertex>
            <vertex>
                <position y="0.127500" z="-2.420469" x="-0.830564"/>
                <normal y="0.692801" z="-0.563372" x="-0.450056"/>
                <texcoord v="0.967600" u="0.307200"/>
            </vertex>
            <vertex>
                <position y="0.042700" z="-2.418136" x="-0.878235"/>
                <normal y="-0.426710" z="-0.498886" x="-0.754295"/>
                <texcoord v="0.967600" u="0.289200"/>
            </vertex>
            <vertex>
                <position y="0.042700" z="-2.333310" x="-0.874112"/>
                <normal y="-0.415265" z="0.601093" x="-0.682791"/>
                <texcoord v="0.993000" u="0.289200"/>
            </vertex>
            <vertex>
                <position y="0.114400" z="-2.455112" x="0.078558"/>
                <normal y="0.707266" z="-0.706198" x="-0.032075"/>
                <texcoord v="0.950800" u="0.652600"/>
            </vertex>
            <vertex>
                <position y="0.048800" z="-2.455117" x="0.078358"/>
                <normal y="-0.707144" z="-0.706046" x="-0.037385"/>
                <texcoord v="0.931100" u="0.652600"/>
            </vertex>
            <vertex>
                <position y="0.049100" z="-2.451921" x="0.012860"/>
                <normal y="-0.706900" z="-0.706290" x="-0.037324"/>
                <texcoord v="0.931100" u="0.627700"/>
            </vertex>
            <vertex>
                <position y="0.114600" z="-2.451916" x="0.013060"/>
                <normal y="0.707083" z="-0.706381" x="-0.032014"/>
                <texcoord v="0.950800" u="0.627700"/>
            </vertex>
            <vertex>
                <position y="0.048800" z="-2.389619" x="0.081554"/>
                <normal y="-0.707266" z="0.706229" x="0.031617"/>
                <texcoord v="0.381400" u="0.372300"/>
            </vertex>
            <vertex>
                <position y="0.114400" z="-2.389614" x="0.081754"/>
                <normal y="0.707083" z="0.706137" x="0.036927"/>
                <texcoord v="0.361700" u="0.372300"/>
            </vertex>
            <vertex>
                <position y="0.114600" z="-2.386418" x="0.016256"/>
                <normal y="0.705191" z="0.708274" x="0.031983"/>
                <texcoord v="0.361700" u="0.347400"/>
            </vertex>
            <vertex>
                <position y="0.049100" z="-2.386423" x="0.016056"/>
                <normal y="-0.705252" z="0.708426" x="0.026612"/>
                <texcoord v="0.381400" u="0.347400"/>
            </vertex>
            <vertex>
                <position y="0.048800" z="-2.389619" x="0.081554"/>
                <normal y="-0.707266" z="0.706229" x="0.031617"/>
                <texcoord v="0.419700" u="0.008800"/>
            </vertex>
            <vertex>
                <position y="0.047200" z="-2.411420" x="0.526822"/>
                <normal y="-0.707175" z="0.706290" x="0.031892"/>
                <texcoord v="0.419700" u="0.178100"/>
            </vertex>
            <vertex>
                <position y="0.112700" z="-2.411415" x="0.527022"/>
                <normal y="0.706992" z="0.706229" x="0.037111"/>
                <texcoord v="0.400100" u="0.178100"/>
            </vertex>
            <vertex>
                <position y="0.114400" z="-2.389614" x="0.081754"/>
                <normal y="0.707083" z="0.706137" x="0.036927"/>
                <texcoord v="0.400100" u="0.008800"/>
            </vertex>
            <vertex>
                <position y="0.047200" z="-2.476918" x="0.523625"/>
                <normal y="-0.706961" z="-0.706229" x="-0.037111"/>
                <texcoord v="0.891800" u="0.458500"/>
            </vertex>
            <vertex>
                <position y="0.047200" z="-2.411420" x="0.526822"/>
                <normal y="-0.707175" z="0.706290" x="0.031892"/>
                <texcoord v="0.911400" u="0.458500"/>
            </vertex>
            <vertex>
                <position y="0.112700" z="-2.476913" x="0.523825"/>
                <normal y="0.707114" z="-0.706351" x="-0.031922"/>
                <texcoord v="0.950800" u="0.821900"/>
            </vertex>
            <vertex>
                <position y="0.047200" z="-2.476918" x="0.523625"/>
                <normal y="-0.706961" z="-0.706229" x="-0.037111"/>
                <texcoord v="0.931100" u="0.821900"/>
            </vertex>
            <vertex>
                <position y="0.112700" z="-2.411415" x="0.527022"/>
                <normal y="0.706992" z="0.706229" x="0.037111"/>
                <texcoord v="0.990100" u="0.821900"/>
            </vertex>
            <vertex>
                <position y="0.112700" z="-2.476913" x="0.523825"/>
                <normal y="0.707114" z="-0.706351" x="-0.031922"/>
                <texcoord v="0.970500" u="0.821900"/>
            </vertex>
            <vertex>
                <position y="0.116300" z="-2.364717" x="-0.429009"/>
                <normal y="0.671682" z="0.738823" x="0.054140"/>
                <texcoord v="0.361700" u="0.178100"/>
            </vertex>
            <vertex>
                <position y="0.043300" z="-2.371589" x="-0.431841"/>
                <normal y="-0.781701" z="0.621784" x="0.047426"/>
                <texcoord v="0.383600" u="0.177300"/>
            </vertex>
            <vertex>
                <position y="0.116300" z="-2.430215" x="-0.432205"/>
                <normal y="0.707022" z="-0.707022" x="-0.015229"/>
                <texcoord v="0.970500" u="0.458500"/>
            </vertex>
            <vertex>
                <position y="0.116300" z="-2.364717" x="-0.429009"/>
                <normal y="0.671682" z="0.738823" x="0.054140"/>
                <texcoord v="0.990100" u="0.458500"/>
            </vertex>
            <vertex>
                <position y="0.050700" z="-2.430220" x="-0.432405"/>
                <normal y="-0.663198" z="-0.748222" x="-0.016846"/>
                <texcoord v="0.931100" u="0.458500"/>
            </vertex>
            <vertex>
                <position y="0.116300" z="-2.430215" x="-0.432205"/>
                <normal y="0.707022" z="-0.707022" x="-0.015229"/>
                <texcoord v="0.950800" u="0.458500"/>
            </vertex>
            <vertex>
                <position y="0.043300" z="-2.371589" x="-0.431841"/>
                <normal y="-0.781701" z="0.621784" x="0.047426"/>
                <texcoord v="0.909300" u="0.822700"/>
            </vertex>
            <vertex>
                <position y="0.050700" z="-2.430220" x="-0.432405"/>
                <normal y="-0.663198" z="-0.748222" x="-0.016846"/>
                <texcoord v="0.891800" u="0.821900"/>
            </vertex>
            <vertex>
                <position y="0.045900" z="-2.428067" x="0.868032"/>
                <normal y="-0.706351" z="0.707724" x="-0.012543"/>
                <texcoord v="0.419700" u="0.307800"/>
            </vertex>
            <vertex>
                <position y="0.111400" z="-2.428062" x="0.868232"/>
                <normal y="0.705985" z="0.708152" x="-0.007202"/>
                <texcoord v="0.400100" u="0.307800"/>
            </vertex>
            <vertex>
                <position y="0.045900" z="-2.493565" x="0.864835"/>
                <normal y="-0.706259" z="-0.703207" x="-0.081576"/>
                <texcoord v="0.891800" u="0.328800"/>
            </vertex>
            <vertex>
                <position y="0.045900" z="-2.428067" x="0.868032"/>
                <normal y="-0.706351" z="0.707724" x="-0.012543"/>
                <texcoord v="0.911400" u="0.328800"/>
            </vertex>
            <vertex>
                <position y="0.111500" z="-2.493560" x="0.865035"/>
                <normal y="0.707297" z="-0.702780" x="-0.076113"/>
                <texcoord v="0.950800" u="0.951600"/>
            </vertex>
            <vertex>
                <position y="0.045900" z="-2.493565" x="0.864835"/>
                <normal y="-0.706259" z="-0.703207" x="-0.081576"/>
                <texcoord v="0.931100" u="0.951600"/>
            </vertex>
            <vertex>
                <position y="0.111400" z="-2.428062" x="0.868232"/>
                <normal y="0.705985" z="0.708152" x="-0.007202"/>
                <texcoord v="0.990100" u="0.951600"/>
            </vertex>
            <vertex>
                <position y="0.111500" z="-2.493560" x="0.865035"/>
                <normal y="0.707297" z="-0.702780" x="-0.076113"/>
                <texcoord v="0.970500" u="0.951600"/>
            </vertex>
            <vertex>
                <position y="0.125500" z="-2.340057" x="-0.769815"/>
                <normal y="0.672597" z="0.733543" x="0.097324"/>
                <texcoord v="0.359300" u="0.048400"/>
            </vertex>
            <vertex>
                <position y="0.052000" z="-2.348075" x="-0.770419"/>
                <normal y="-0.711142" z="0.698233" x="0.081820"/>
                <texcoord v="0.381400" u="0.048400"/>
            </vertex>
            <vertex>
                <position y="0.125600" z="-2.421477" x="-0.773722"/>
                <normal y="0.706473" z="-0.707663" x="0.007263"/>
                <texcoord v="0.968100" u="0.328800"/>
            </vertex>
            <vertex>
                <position y="0.125500" z="-2.340057" x="-0.769815"/>
                <normal y="0.672597" z="0.733543" x="0.097324"/>
                <texcoord v="0.992500" u="0.328800"/>
            </vertex>
            <vertex>
                <position y="0.044000" z="-2.421487" x="-0.774122"/>
                <normal y="-0.741050" z="-0.671163" x="-0.018586"/>
                <texcoord v="0.928800" u="0.328800"/>
            </vertex>
            <vertex>
                <position y="0.125600" z="-2.421477" x="-0.773722"/>
                <normal y="0.706473" z="-0.707663" x="0.007263"/>
                <texcoord v="0.953200" u="0.328800"/>
            </vertex>
            <vertex>
                <position y="0.052000" z="-2.348075" x="-0.770419"/>
                <normal y="-0.711142" z="0.698233" x="0.081820"/>
                <texcoord v="0.911400" u="0.951600"/>
            </vertex>
            <vertex>
                <position y="0.044000" z="-2.421487" x="-0.774122"/>
                <normal y="-0.741050" z="-0.671163" x="-0.018586"/>
                <texcoord v="0.889400" u="0.951600"/>
            </vertex>
            <vertex>
                <position y="0.039100" z="-2.426710" x="0.972430"/>
                <normal y="-0.594867" z="0.565447" x="0.571276"/>
                <texcoord v="0.421700" u="0.347400"/>
            </vertex>
            <vertex>
                <position y="0.117500" z="-2.426702" x="0.972730"/>
                <normal y="0.590808" z="0.565386" x="0.575518"/>
                <texcoord v="0.398200" u="0.347400"/>
            </vertex>
            <vertex>
                <position y="0.039100" z="-2.505128" x="0.968550"/>
                <normal y="-0.594775" z="-0.619007" x="0.512864"/>
                <texcoord v="0.889800" u="0.289200"/>
            </vertex>
            <vertex>
                <position y="0.039100" z="-2.426710" x="0.972430"/>
                <normal y="-0.594867" z="0.565447" x="0.571276"/>
                <texcoord v="0.913300" u="0.289200"/>
            </vertex>
            <vertex>
                <position y="0.117500" z="-2.505121" x="0.968849"/>
                <normal y="0.590960" z="-0.618946" x="0.517319"/>
                <texcoord v="0.952700" u="0.991200"/>
            </vertex>
            <vertex>
                <position y="0.039100" z="-2.505128" x="0.968550"/>
                <normal y="-0.594775" z="-0.619007" x="0.512864"/>
                <texcoord v="0.929200" u="0.991200"/>
            </vertex>
            <vertex>
                <position y="0.117500" z="-2.426702" x="0.972730"/>
                <normal y="0.590808" z="0.565386" x="0.575518"/>
                <texcoord v="0.992100" u="0.991200"/>
            </vertex>
            <vertex>
                <position y="0.117500" z="-2.505121" x="0.968849"/>
                <normal y="0.590960" z="-0.618946" x="0.517319"/>
                <texcoord v="0.968600" u="0.991200"/>
            </vertex>
            <vertex>
                <position y="0.127400" z="-2.336224" x="-0.813422"/>
                <normal y="0.693319" z="0.661763" x="-0.285165"/>
                <texcoord v="0.358800" u="0.031800"/>
            </vertex>
            <vertex>
                <position y="0.042700" z="-2.333310" x="-0.874112"/>
                <normal y="-0.415265" z="0.601093" x="-0.682791"/>
                <texcoord v="0.384300" u="0.008800"/>
            </vertex>
            <vertex>
                <position y="0.042700" z="-2.418136" x="-0.878235"/>
                <normal y="-0.426710" z="-0.498886" x="-0.754295"/>
                <texcoord v="0.928200" u="0.289200"/>
            </vertex>
            <vertex>
                <position y="0.127500" z="-2.420469" x="-0.830564"/>
                <normal y="0.692801" z="-0.563372" x="-0.450056"/>
                <texcoord v="0.953700" u="0.307200"/>
            </vertex>
            <vertex>
                <position y="0.042700" z="-2.333310" x="-0.874112"/>
                <normal y="-0.415265" z="0.601093" x="-0.682791"/>
                <texcoord v="0.914300" u="0.991200"/>
            </vertex>
            <vertex>
                <position y="0.042700" z="-2.418136" x="-0.878235"/>
                <normal y="-0.426710" z="-0.498886" x="-0.754295"/>
                <texcoord v="0.888900" u="0.991200"/>
            </vertex>
            <vertex>
                <position y="0.138600" z="0.082990" x="0.137409"/>
                <normal y="0.649281" z="0.483413" x="0.587085"/>
                <texcoord v="0.874900" u="0.744600"/>
            </vertex>
            <vertex>
                <position y="0.079300" z="-0.196623" x="0.099446"/>
                <normal y="0.660909" z="-0.149510" x="0.735374"/>
                <texcoord v="0.791500" u="0.727600"/>
            </vertex>
            <vertex>
                <position y="0.080000" z="-0.081523" x="-0.077526"/>
                <normal y="0.661061" z="-0.301065" x="-0.687246"/>
                <texcoord v="0.827300" u="0.661500"/>
            </vertex>
            <vertex>
                <position y="0.139700" z="0.076176" x="-0.140708"/>
                <normal y="0.651570" z="0.380871" x="-0.655995"/>
                <texcoord v="0.874900" u="0.638900"/>
            </vertex>
            <vertex>
                <position y="-0.139600" z="0.082966" x="0.136409"/>
                <normal y="-0.671377" z="0.439772" x="0.596515"/>
                <texcoord v="0.874900" u="0.621300"/>
            </vertex>
            <vertex>
                <position y="-0.079900" z="-0.077639" x="0.081026"/>
                <normal y="-0.791864" z="-0.312296" x="0.524766"/>
                <texcoord v="0.827300" u="0.598700"/>
            </vertex>
            <vertex>
                <position y="0.079300" z="-0.196623" x="0.099446"/>
                <normal y="0.660909" z="-0.149510" x="0.735374"/>
                <texcoord v="0.791500" u="0.538200"/>
            </vertex>
            <vertex>
                <position y="0.138600" z="0.082990" x="0.137409"/>
                <normal y="0.649281" z="0.483413" x="0.587085"/>
                <texcoord v="0.874900" u="0.515600"/>
            </vertex>
            <vertex>
                <position y="-0.138600" z="0.076149" x="-0.141808"/>
                <normal y="-0.644154" z="0.385296" x="-0.660726"/>
                <texcoord v="0.874900" u="0.991200"/>
            </vertex>
            <vertex>
                <position y="-0.084900" z="-0.081540" x="-0.078226"/>
                <normal y="-0.693991" z="-0.296152" x="-0.656209"/>
                <texcoord v="0.827300" u="0.968600"/>
            </vertex>
            <vertex>
                <position y="-0.079900" z="-0.077639" x="0.081026"/>
                <normal y="-0.791864" z="-0.312296" x="0.524766"/>
                <texcoord v="0.827300" u="0.908100"/>
            </vertex>
            <vertex>
                <position y="-0.139600" z="0.082966" x="0.136409"/>
                <normal y="-0.671377" z="0.439772" x="0.596515"/>
                <texcoord v="0.874900" u="0.885500"/>
            </vertex>
            <vertex>
                <position y="0.139700" z="0.076176" x="-0.140708"/>
                <normal y="0.651570" z="0.380871" x="-0.655995"/>
                <texcoord v="0.874900" u="0.867900"/>
            </vertex>
            <vertex>
                <position y="0.080000" z="-0.081523" x="-0.077526"/>
                <normal y="0.661061" z="-0.301065" x="-0.687246"/>
                <texcoord v="0.827300" u="0.845300"/>
            </vertex>
            <vertex>
                <position y="-0.084900" z="-0.081540" x="-0.078226"/>
                <normal y="-0.693991" z="-0.296152" x="-0.656209"/>
                <texcoord v="0.827300" u="0.782700"/>
            </vertex>
            <vertex>
                <position y="-0.138600" z="0.076149" x="-0.141808"/>
                <normal y="-0.644154" z="0.385296" x="-0.660726"/>
                <texcoord v="0.874900" u="0.762200"/>
            </vertex>
            <vertex>
                <position y="0.065600" z="-2.817142" x="0.134842"/>
                <normal y="0.583880" z="-0.544939" x="0.601733"/>
                <texcoord v="0.475000" u="0.058800"/>
            </vertex>
            <vertex>
                <position y="-0.066000" z="-2.817155" x="0.134342"/>
                <normal y="-0.588244" z="-0.545122" x="0.597308"/>
                <texcoord v="0.435600" u="0.058800"/>
            </vertex>
            <vertex>
                <position y="-0.065500" z="-2.820376" x="0.002881"/>
                <normal y="-0.582934" z="-0.571490" x="-0.577532"/>
                <texcoord v="0.435600" u="0.008800"/>
            </vertex>
            <vertex>
                <position y="0.066100" z="-2.820366" x="0.003281"/>
                <normal y="0.587909" z="-0.569567" x="-0.574389"/>
                <texcoord v="0.475000" u="0.008800"/>
            </vertex>
            <vertex>
                <position y="-0.139600" z="0.082966" x="0.136409"/>
                <normal y="-0.671377" z="0.439772" x="0.596515"/>
                <texcoord v="0.442100" u="0.495500"/>
            </vertex>
            <vertex>
                <position y="0.138600" z="0.082990" x="0.137409"/>
                <normal y="0.649281" z="0.483413" x="0.587085"/>
                <texcoord v="0.358800" u="0.495500"/>
            </vertex>
            <vertex>
                <position y="0.139700" z="0.076176" x="-0.140708"/>
                <normal y="0.651570" z="0.380871" x="-0.655995"/>
                <texcoord v="0.358800" u="0.389900"/>
            </vertex>
            <vertex>
                <position y="-0.138600" z="0.076149" x="-0.141808"/>
                <normal y="-0.644154" z="0.385296" x="-0.660726"/>
                <texcoord v="0.442100" u="0.389900"/>
            </vertex>
            <vertex>
                <position y="0.049500" z="-0.898115" x="0.071619"/>
                <normal y="0.751549" z="0.000092" x="0.659627"/>
                <texcoord v="0.581800" u="0.710600"/>
            </vertex>
            <vertex>
                <position y="0.049800" z="-0.900545" x="-0.027551"/>
                <normal y="0.706992" z="-0.039003" x="-0.706107"/>
                <texcoord v="0.581800" u="0.672900"/>
            </vertex>
            <vertex>
                <position y="-0.059800" z="-0.897716" x="0.087914"/>
                <normal y="-0.683309" z="-0.011780" x="0.730003"/>
                <texcoord v="0.581800" u="0.591100"/>
            </vertex>
            <vertex>
                <position y="0.049500" z="-0.898115" x="0.071619"/>
                <normal y="0.751549" z="0.000092" x="0.659627"/>
                <texcoord v="0.581800" u="0.549600"/>
            </vertex>
            <vertex>
                <position y="-0.049400" z="-0.900555" x="-0.027951"/>
                <normal y="-0.673360" z="-0.050966" x="-0.737541"/>
                <texcoord v="0.581800" u="0.957200"/>
            </vertex>
            <vertex>
                <position y="-0.059800" z="-0.897716" x="0.087914"/>
                <normal y="-0.683309" z="-0.011780" x="0.730003"/>
                <texcoord v="0.581800" u="0.913200"/>
            </vertex>
            <vertex>
                <position y="0.049800" z="-0.900545" x="-0.027551"/>
                <normal y="0.706992" z="-0.039003" x="-0.706107"/>
                <texcoord v="0.581800" u="0.833900"/>
            </vertex>
            <vertex>
                <position y="-0.049400" z="-0.900555" x="-0.027951"/>
                <normal y="-0.673360" z="-0.050966" x="-0.737541"/>
                <texcoord v="0.581800" u="0.796200"/>
            </vertex>
            <vertex>
                <position y="0.049500" z="-1.487938" x="0.086070"/>
                <normal y="0.679678" z="0.008423" x="0.733421"/>
                <texcoord v="0.405100" u="0.710600"/>
            </vertex>
            <vertex>
                <position y="0.059000" z="-1.490669" x="-0.025396"/>
                <normal y="0.697775" z="-0.011261" x="-0.716178"/>
                <texcoord v="0.405100" u="0.668300"/>
            </vertex>
            <vertex>
                <position y="-0.049700" z="-1.487948" x="0.085671"/>
                <normal y="-0.712760" z="0.009583" x="0.701315"/>
                <texcoord v="0.405100" u="0.587300"/>
            </vertex>
            <vertex>
                <position y="0.049500" z="-1.487938" x="0.086070"/>
                <normal y="0.679678" z="0.008423" x="0.733421"/>
                <texcoord v="0.405100" u="0.549600"/>
            </vertex>
            <vertex>
                <position y="-0.049400" z="-1.490378" x="-0.013500"/>
                <normal y="-0.741691" z="-0.007569" x="-0.670675"/>
                <texcoord v="0.405100" u="0.957200"/>
            </vertex>
            <vertex>
                <position y="-0.049700" z="-1.487948" x="0.085671"/>
                <normal y="-0.712760" z="0.009583" x="0.701315"/>
                <texcoord v="0.405100" u="0.919500"/>
            </vertex>
            <vertex>
                <position y="0.059000" z="-1.490669" x="-0.025396"/>
                <normal y="0.697775" z="-0.011261" x="-0.716178"/>
                <texcoord v="0.405100" u="0.837400"/>
            </vertex>
            <vertex>
                <position y="-0.049400" z="-1.490378" x="-0.013500"/>
                <normal y="-0.741691" z="-0.007569" x="-0.670675"/>
                <texcoord v="0.405100" u="0.796200"/>
            </vertex>
            <vertex>
                <position y="0.053700" z="-2.467539" x="0.114373"/>
                <normal y="0.717002" z="0.048830" x="0.695334"/>
                <texcoord v="0.111700" u="0.712200"/>
            </vertex>
            <vertex>
                <position y="0.049800" z="-2.470074" x="0.010904"/>
                <normal y="0.709708" z="0.008362" x="-0.704428"/>
                <texcoord v="0.111700" u="0.672900"/>
            </vertex>
            <vertex>
                <position y="-0.054100" z="-2.467549" x="0.113973"/>
                <normal y="-0.709433" z="0.044527" x="0.703330"/>
                <texcoord v="0.111700" u="0.588900"/>
            </vertex>
            <vertex>
                <position y="0.053700" z="-2.467539" x="0.114373"/>
                <normal y="0.717002" z="0.048830" x="0.695334"/>
                <texcoord v="0.111700" u="0.548000"/>
            </vertex>
            <vertex>
                <position y="-0.053700" z="-2.470189" x="0.006205"/>
                <normal y="-0.691183" z="0.003845" x="-0.722648"/>
                <texcoord v="0.111700" u="0.958800"/>
            </vertex>
            <vertex>
                <position y="-0.054100" z="-2.467549" x="0.113973"/>
                <normal y="-0.709433" z="0.044527" x="0.703330"/>
                <texcoord v="0.111700" u="0.917900"/>
            </vertex>
            <vertex>
                <position y="0.049800" z="-2.470074" x="0.010904"/>
                <normal y="0.709708" z="0.008362" x="-0.704428"/>
                <texcoord v="0.111700" u="0.833900"/>
            </vertex>
            <vertex>
                <position y="-0.053700" z="-2.470189" x="0.006205"/>
                <normal y="-0.691183" z="0.003845" x="-0.722648"/>
                <texcoord v="0.111700" u="0.794600"/>
            </vertex>
            <vertex>
                <position y="0.065600" z="-2.817142" x="0.134842"/>
                <normal y="0.583880" z="-0.544939" x="0.601733"/>
                <texcoord v="0.007000" u="0.716700"/>
            </vertex>
            <vertex>
                <position y="0.066100" z="-2.820366" x="0.003281"/>
                <normal y="0.587909" z="-0.569567" x="-0.574389"/>
                <texcoord v="0.007000" u="0.666800"/>
            </vertex>
            <vertex>
                <position y="-0.066000" z="-2.817155" x="0.134342"/>
                <normal y="-0.588244" z="-0.545122" x="0.597308"/>
                <texcoord v="0.007000" u="0.593400"/>
            </vertex>
            <vertex>
                <position y="0.065600" z="-2.817142" x="0.134842"/>
                <normal y="0.583880" z="-0.544939" x="0.601733"/>
                <texcoord v="0.007000" u="0.543500"/>
            </vertex>
            <vertex>
                <position y="-0.065500" z="-2.820376" x="0.002881"/>
                <normal y="-0.582934" z="-0.571490" x="-0.577532"/>
                <texcoord v="0.007000" u="0.963300"/>
            </vertex>
            <vertex>
                <position y="-0.066000" z="-2.817155" x="0.134342"/>
                <normal y="-0.588244" z="-0.545122" x="0.597308"/>
                <texcoord v="0.007000" u="0.913400"/>
            </vertex>
            <vertex>
                <position y="0.066100" z="-2.820366" x="0.003281"/>
                <normal y="0.587909" z="-0.569567" x="-0.574389"/>
                <texcoord v="0.007000" u="0.840000"/>
            </vertex>
            <vertex>
                <position y="-0.065500" z="-2.820376" x="0.002881"/>
                <normal y="-0.582934" z="-0.571490" x="-0.577532"/>
                <texcoord v="0.007000" u="0.790100"/>
            </vertex>
        </vertexbuffer>
    </sharedgeometry>
    <submeshes>
        <submesh material="FlagMat.002" use32bitindexes="False" usesharedvertices="true" operationtype="triangle_list">
            <faces count="29">
                <face v2="1" v3="2" v1="0"/>
                <face v2="4" v3="5" v1="3"/>
                <face v2="5" v3="6" v1="3"/>
                <face v2="8" v3="1" v1="7"/>
                <face v2="9" v3="10" v1="1"/>
                <face v2="10" v3="2" v1="1"/>
                <face v2="11" v3="9" v1="1"/>
                <face v2="12" v3="11" v1="8"/>
                <face v2="11" v3="1" v1="8"/>
                <face v2="13" v3="14" v1="9"/>
                <face v2="14" v3="10" v1="9"/>
                <face v2="15" v3="13" v1="11"/>
                <face v2="13" v3="9" v1="11"/>
                <face v2="16" v3="15" v1="12"/>
                <face v2="15" v3="11" v1="12"/>
                <face v2="17" v3="18" v1="13"/>
                <face v2="18" v3="14" v1="13"/>
                <face v2="19" v3="20" v1="16"/>
                <face v2="20" v3="15" v1="16"/>
                <face v2="22" v3="23" v1="21"/>
                <face v2="23" v3="24" v1="21"/>
                <face v2="26" v3="27" v1="25"/>
                <face v2="27" v3="28" v1="25"/>
                <face v2="30" v3="31" v1="29"/>
                <face v2="31" v3="32" v1="29"/>
                <face v2="34" v3="35" v1="33"/>
                <face v2="35" v3="36" v1="33"/>
                <face v2="38" v3="39" v1="37"/>
                <face v2="39" v3="40" v1="37"/>
            </faces>
        </submesh>
        <submesh material="BannerPoleMat.002" use32bitindexes="False" usesharedvertices="true" operationtype="triangle_list">
            <faces count="110">
                <face v2="42" v3="43" v1="41"/>
                <face v2="41" v3="43" v1="44"/>
                <face v2="41" v3="44" v1="45"/>
                <face v2="41" v3="45" v1="46"/>
                <face v2="41" v3="46" v1="47"/>
                <face v2="49" v3="50" v1="48"/>
                <face v2="50" v3="51" v1="48"/>
                <face v2="53" v3="54" v1="52"/>
                <face v2="54" v3="55" v1="52"/>
                <face v2="57" v3="58" v1="56"/>
                <face v2="58" v3="59" v1="56"/>
                <face v2="61" v3="62" v1="60"/>
                <face v2="62" v3="63" v1="60"/>
                <face v2="65" v3="66" v1="64"/>
                <face v2="66" v3="67" v1="64"/>
                <face v2="69" v3="70" v1="68"/>
                <face v2="70" v3="71" v1="68"/>
                <face v2="73" v3="74" v1="72"/>
                <face v2="74" v3="75" v1="72"/>
                <face v2="76" v3="77" v1="58"/>
                <face v2="77" v3="59" v1="58"/>
                <face v2="78" v3="79" v1="64"/>
                <face v2="79" v3="65" v1="64"/>
                <face v2="80" v3="81" v1="48"/>
                <face v2="81" v3="49" v1="48"/>
                <face v2="82" v3="83" v1="70"/>
                <face v2="83" v3="71" v1="70"/>
                <face v2="84" v3="85" v1="50"/>
                <face v2="85" v3="51" v1="50"/>
                <face v2="86" v3="87" v1="66"/>
                <face v2="87" v3="67" v1="66"/>
                <face v2="88" v3="89" v1="56"/>
                <face v2="89" v3="57" v1="56"/>
                <face v2="90" v3="91" v1="73"/>
                <face v2="91" v3="74" v1="73"/>
                <face v2="92" v3="93" v1="76"/>
                <face v2="93" v3="77" v1="76"/>
                <face v2="94" v3="95" v1="78"/>
                <face v2="95" v3="79" v1="78"/>
                <face v2="96" v3="97" v1="80"/>
                <face v2="97" v3="81" v1="80"/>
                <face v2="98" v3="99" v1="82"/>
                <face v2="99" v3="83" v1="82"/>
                <face v2="100" v3="101" v1="84"/>
                <face v2="101" v3="85" v1="84"/>
                <face v2="102" v3="103" v1="86"/>
                <face v2="103" v3="87" v1="86"/>
                <face v2="104" v3="105" v1="88"/>
                <face v2="105" v3="89" v1="88"/>
                <face v2="106" v3="107" v1="90"/>
                <face v2="107" v3="91" v1="90"/>
                <face v2="108" v3="109" v1="92"/>
                <face v2="109" v3="93" v1="92"/>
                <face v2="110" v3="111" v1="94"/>
                <face v2="111" v3="95" v1="94"/>
                <face v2="112" v3="113" v1="96"/>
                <face v2="113" v3="97" v1="96"/>
                <face v2="114" v3="115" v1="98"/>
                <face v2="115" v3="99" v1="98"/>
                <face v2="61" v3="60" v1="100"/>
                <face v2="60" v3="101" v1="100"/>
                <face v2="116" v3="117" v1="102"/>
                <face v2="117" v3="103" v1="102"/>
                <face v2="118" v3="119" v1="104"/>
                <face v2="119" v3="105" v1="104"/>
                <face v2="121" v3="122" v1="120"/>
                <face v2="122" v3="123" v1="120"/>
                <face v2="125" v3="126" v1="124"/>
                <face v2="126" v3="127" v1="124"/>
                <face v2="129" v3="130" v1="128"/>
                <face v2="130" v3="131" v1="128"/>
                <face v2="133" v3="134" v1="132"/>
                <face v2="134" v3="135" v1="132"/>
                <face v2="137" v3="138" v1="136"/>
                <face v2="138" v3="139" v1="136"/>
                <face v2="141" v3="142" v1="140"/>
                <face v2="142" v3="143" v1="140"/>
                <face v2="144" v3="145" v1="121"/>
                <face v2="145" v3="122" v1="121"/>
                <face v2="146" v3="147" v1="125"/>
                <face v2="147" v3="126" v1="125"/>
                <face v2="148" v3="149" v1="129"/>
                <face v2="149" v3="130" v1="129"/>
                <face v2="150" v3="151" v1="133"/>
                <face v2="151" v3="134" v1="133"/>
                <face v2="152" v3="153" v1="144"/>
                <face v2="153" v3="145" v1="144"/>
                <face v2="154" v3="155" v1="146"/>
                <face v2="155" v3="147" v1="146"/>
                <face v2="156" v3="157" v1="148"/>
                <face v2="157" v3="149" v1="148"/>
                <face v2="158" v3="159" v1="150"/>
                <face v2="159" v3="151" v1="150"/>
                <face v2="160" v3="161" v1="152"/>
                <face v2="161" v3="153" v1="152"/>
                <face v2="162" v3="163" v1="154"/>
                <face v2="163" v3="155" v1="154"/>
                <face v2="164" v3="165" v1="156"/>
                <face v2="165" v3="157" v1="156"/>
                <face v2="166" v3="167" v1="158"/>
                <face v2="167" v3="159" v1="158"/>
                <face v2="168" v3="169" v1="160"/>
                <face v2="169" v3="161" v1="160"/>
                <face v2="170" v3="171" v1="162"/>
                <face v2="171" v3="163" v1="162"/>
                <face v2="172" v3="173" v1="164"/>
                <face v2="173" v3="165" v1="164"/>
                <face v2="174" v3="175" v1="166"/>
                <face v2="175" v3="167" v1="166"/>
                <face v2="41" v3="47" v1="42"/>
            </faces>
        </submesh>
    </submeshes>
    <submeshnames>
        <submesh index="0" name="FlagMat.002">
        </submesh>
        <submesh index="1" name="BannerPoleMat.002">
        </submesh>
    </submeshnames>
    <skeletonlink name="Flagpole_Flag_Flag1.skeleton"/>
    <boneassignments>
        <vertexboneassignment boneindex="3" weight="0.031320396810770035" vertexindex="0"/>
        <vertexboneassignment boneindex="6" weight="0.9473494291305542" vertexindex="0"/>
        <vertexboneassignment boneindex="2" weight="0.06380193680524826" vertexindex="1"/>
        <vertexboneassignment boneindex="3" weight="0.7164377570152283" vertexindex="1"/>
        <vertexboneassignment boneindex="4" weight="0.06255127489566803" vertexindex="1"/>
        <vertexboneassignment boneindex="6" weight="0.1529529094696045" vertexindex="1"/>
        <vertexboneassignment boneindex="3" weight="0.15991973876953125" vertexindex="2"/>
        <vertexboneassignment boneindex="4" weight="0.139500230550766" vertexindex="2"/>
        <vertexboneassignment boneindex="6" weight="0.6652535796165466" vertexindex="2"/>
        <vertexboneassignment boneindex="0" weight="0.9999993443489075" vertexindex="3"/>
        <vertexboneassignment boneindex="1" weight="0.3883574903011322" vertexindex="3"/>
        <vertexboneassignment boneindex="2" weight="0.0936598852276802" vertexindex="3"/>
        <vertexboneassignment boneindex="0" weight="0.9999999403953552" vertexindex="4"/>
        <vertexboneassignment boneindex="1" weight="0.34162288904190063" vertexindex="4"/>
        <vertexboneassignment boneindex="2" weight="0.08221524953842163" vertexindex="4"/>
        <vertexboneassignment boneindex="0" weight="0.9697970151901245" vertexindex="5"/>
        <vertexboneassignment boneindex="0" weight="0.9997835755348206" vertexindex="6"/>
        <vertexboneassignment boneindex="1" weight="0.04831431433558464" vertexindex="6"/>
        <vertexboneassignment boneindex="3" weight="0.9487746953964233" vertexindex="7"/>
        <vertexboneassignment boneindex="2" weight="0.13574646413326263" vertexindex="8"/>
        <vertexboneassignment boneindex="3" weight="0.7964972853660583" vertexindex="8"/>
        <vertexboneassignment boneindex="6" weight="0.021746989339590073" vertexindex="8"/>
        <vertexboneassignment boneindex="0" weight="0.012719373218715191" vertexindex="9"/>
        <vertexboneassignment boneindex="2" weight="0.04699372127652168" vertexindex="9"/>
        <vertexboneassignment boneindex="4" weight="0.8959305286407471" vertexindex="9"/>
        <vertexboneassignment boneindex="0" weight="0.10257044434547424" vertexindex="10"/>
        <vertexboneassignment boneindex="4" weight="0.7538310885429382" vertexindex="10"/>
        <vertexboneassignment boneindex="6" weight="0.12176747620105743" vertexindex="10"/>
        <vertexboneassignment boneindex="2" weight="0.9897153377532959" vertexindex="11"/>
        <vertexboneassignment boneindex="0" weight="0.05576380714774132" vertexindex="12"/>
        <vertexboneassignment boneindex="1" weight="0.09657970070838928" vertexindex="12"/>
        <vertexboneassignment boneindex="2" weight="0.7318333983421326" vertexindex="12"/>
        <vertexboneassignment boneindex="3" weight="0.10697826743125916" vertexindex="12"/>
        <vertexboneassignment boneindex="0" weight="0.9698561429977417" vertexindex="13"/>
        <vertexboneassignment boneindex="0" weight="0.6645936369895935" vertexindex="14"/>
        <vertexboneassignment boneindex="4" weight="0.4922106862068176" vertexindex="14"/>
        <vertexboneassignment boneindex="6" weight="0.010055243968963623" vertexindex="14"/>
        <vertexboneassignment boneindex="0" weight="0.03258607164025307" vertexindex="15"/>
        <vertexboneassignment boneindex="1" weight="0.9526077508926392" vertexindex="15"/>
        <vertexboneassignment boneindex="0" weight="0.46626436710357666" vertexindex="16"/>
        <vertexboneassignment boneindex="1" weight="0.5114314556121826" vertexindex="16"/>
        <vertexboneassignment boneindex="2" weight="0.15114684402942657" vertexindex="16"/>
        <vertexboneassignment boneindex="0" weight="0.9954734444618225" vertexindex="17"/>
        <vertexboneassignment boneindex="0" weight="0.9999338388442993" vertexindex="18"/>
        <vertexboneassignment boneindex="4" weight="0.4219217300415039" vertexindex="18"/>
        <vertexboneassignment boneindex="0" weight="0.9768428206443787" vertexindex="19"/>
        <vertexboneassignment boneindex="1" weight="0.4485088586807251" vertexindex="19"/>
        <vertexboneassignment boneindex="2" weight="0.11843831092119217" vertexindex="19"/>
        <vertexboneassignment boneindex="0" weight="0.9124647378921509" vertexindex="20"/>
        <vertexboneassignment boneindex="1" weight="0.10993032157421112" vertexindex="20"/>
        <vertexboneassignment boneindex="0" weight="0.9954734444618225" vertexindex="21"/>
        <vertexboneassignment boneindex="0" weight="0.986627459526062" vertexindex="22"/>
        <vertexboneassignment boneindex="0" weight="0.9999999403953552" vertexindex="23"/>
        <vertexboneassignment boneindex="4" weight="0.34257441759109497" vertexindex="23"/>
        <vertexboneassignment boneindex="0" weight="0.9999338388442993" vertexindex="24"/>
        <vertexboneassignment boneindex="4" weight="0.4219217300415039" vertexindex="24"/>
        <vertexboneassignment boneindex="0" weight="0.9768428206443787" vertexindex="25"/>
        <vertexboneassignment boneindex="1" weight="0.4485088586807251" vertexindex="25"/>
        <vertexboneassignment boneindex="2" weight="0.11843831092119217" vertexindex="25"/>
        <vertexboneassignment boneindex="0" weight="0.9999993443489075" vertexindex="26"/>
        <vertexboneassignment boneindex="1" weight="0.3883574903011322" vertexindex="26"/>
        <vertexboneassignment boneindex="2" weight="0.0936598852276802" vertexindex="26"/>
        <vertexboneassignment boneindex="0" weight="0.9997835755348206" vertexindex="27"/>
        <vertexboneassignment boneindex="1" weight="0.04831431433558464" vertexindex="27"/>
        <vertexboneassignment boneindex="0" weight="0.9124647378921509" vertexindex="28"/>
        <vertexboneassignment boneindex="1" weight="0.10993032157421112" vertexindex="28"/>
        <vertexboneassignment boneindex="0" weight="0.986627459526062" vertexindex="29"/>
        <vertexboneassignment boneindex="0" weight="0.9875286221504211" vertexindex="30"/>
        <vertexboneassignment boneindex="0" weight="0.9999996423721313" vertexindex="31"/>
        <vertexboneassignment boneindex="4" weight="0.28344079852104187" vertexindex="31"/>
        <vertexboneassignment boneindex="0" weight="0.9999999403953552" vertexindex="32"/>
        <vertexboneassignment boneindex="4" weight="0.34257441759109497" vertexindex="32"/>
        <vertexboneassignment boneindex="0" weight="0.9999999403953552" vertexindex="33"/>
        <vertexboneassignment boneindex="1" weight="0.34162288904190063" vertexindex="33"/>
        <vertexboneassignment boneindex="2" weight="0.08221524953842163" vertexindex="33"/>
        <vertexboneassignment boneindex="0" weight="0.8488355875015259" vertexindex="34"/>
        <vertexboneassignment boneindex="1" weight="0.31371504068374634" vertexindex="34"/>
        <vertexboneassignment boneindex="2" weight="0.07543431222438812" vertexindex="34"/>
        <vertexboneassignment boneindex="0" weight="0.9829480051994324" vertexindex="35"/>
        <vertexboneassignment boneindex="0" weight="0.9697970151901245" vertexindex="36"/>
        <vertexboneassignment boneindex="0" weight="0.9875286221504211" vertexindex="37"/>
        <vertexboneassignment boneindex="0" weight="0.9914467334747314" vertexindex="38"/>
        <vertexboneassignment boneindex="0" weight="0.895943284034729" vertexindex="39"/>
        <vertexboneassignment boneindex="4" weight="0.2615535259246826" vertexindex="39"/>
        <vertexboneassignment boneindex="0" weight="0.9999996423721313" vertexindex="40"/>
        <vertexboneassignment boneindex="4" weight="0.28344079852104187" vertexindex="40"/>
    </boneassignments>
</mesh>